country,year,food_supply,region
Algeria,1961,1620.0,Middle East & North Africa
Djibouti,1961,1610.0,Middle East & North Africa
Egypt,1961,2080.0,Middle East & North Africa
Iran,1961,1750.0,Middle East & North Africa
Iraq,1961,1740.0,Middle East & North Africa
Israel,1961,2810.0,Middle East & North Africa
Jordan,1961,2110.0,Middle East & North Africa
Kuwait,1961,2510.0,Middle East & North Africa
Lebanon,1961,2420.0,Middle East & North Africa
Malta,1961,2840.0,Middle East & North Africa
Morocco,1961,2050.0,Middle East & North Africa
Oman,1961,,Middle East & North Africa
Saudi Arabia,1961,1720.0,Middle East & North Africa
Tunisia,1961,2240.0,Middle East & North Africa
United Arab Emirates,1961,2890.0,Middle East & North Africa
Yemen,1961,1790.0,Middle East & North Africa
Algeria,1962,1570.0,Middle East & North Africa
Djibouti,1962,1650.0,Middle East & North Africa
Egypt,1962,2150.0,Middle East & North Africa
Iran,1962,1750.0,Middle East & North Africa
Iraq,1962,1860.0,Middle East & North Africa
Israel,1962,2820.0,Middle East & North Africa
Jordan,1962,2140.0,Middle East & North Africa
Kuwait,1962,2550.0,Middle East & North Africa
Lebanon,1962,2470.0,Middle East & North Africa
Malta,1962,2850.0,Middle East & North Africa
Morocco,1962,2070.0,Middle East & North Africa
Oman,1962,,Middle East & North Africa
Saudi Arabia,1962,1750.0,Middle East & North Africa
Tunisia,1962,2290.0,Middle East & North Africa
United Arab Emirates,1962,2780.0,Middle East & North Africa
Yemen,1962,1800.0,Middle East & North Africa
Algeria,1963,1530.0,Middle East & North Africa
Djibouti,1963,1600.0,Middle East & North Africa
Egypt,1963,2170.0,Middle East & North Africa
Iran,1963,1790.0,Middle East & North Africa
Iraq,1963,1980.0,Middle East & North Africa
Israel,1963,2750.0,Middle East & North Africa
Jordan,1963,2170.0,Middle East & North Africa
Kuwait,1963,2440.0,Middle East & North Africa
Lebanon,1963,2430.0,Middle East & North Africa
Malta,1963,2930.0,Middle East & North Africa
Morocco,1963,2070.0,Middle East & North Africa
Oman,1963,,Middle East & North Africa
Saudi Arabia,1963,1790.0,Middle East & North Africa
Tunisia,1963,2340.0,Middle East & North Africa
United Arab Emirates,1963,2740.0,Middle East & North Africa
Yemen,1963,1820.0,Middle East & North Africa
Algeria,1964,1540.0,Middle East & North Africa
Djibouti,1964,1570.0,Middle East & North Africa
Egypt,1964,2200.0,Middle East & North Africa
Iran,1964,1860.0,Middle East & North Africa
Iraq,1964,2030.0,Middle East & North Africa
Israel,1964,2840.0,Middle East & North Africa
Jordan,1964,2090.0,Middle East & North Africa
Kuwait,1964,2560.0,Middle East & North Africa
Lebanon,1964,2460.0,Middle East & North Africa
Malta,1964,2970.0,Middle East & North Africa
Morocco,1964,2140.0,Middle East & North Africa
Oman,1964,,Middle East & North Africa
Saudi Arabia,1964,1820.0,Middle East & North Africa
Tunisia,1964,2320.0,Middle East & North Africa
United Arab Emirates,1964,2620.0,Middle East & North Africa
Yemen,1964,1830.0,Middle East & North Africa
Algeria,1965,1590.0,Middle East & North Africa
Djibouti,1965,1590.0,Middle East & North Africa
Egypt,1965,2230.0,Middle East & North Africa
Iran,1965,1880.0,Middle East & North Africa
Iraq,1965,2050.0,Middle East & North Africa
Israel,1965,2810.0,Middle East & North Africa
Jordan,1965,2160.0,Middle East & North Africa
Kuwait,1965,2560.0,Middle East & North Africa
Lebanon,1965,2470.0,Middle East & North Africa
Malta,1965,3070.0,Middle East & North Africa
Morocco,1965,2170.0,Middle East & North Africa
Oman,1965,,Middle East & North Africa
Saudi Arabia,1965,1860.0,Middle East & North Africa
Tunisia,1965,2390.0,Middle East & North Africa
United Arab Emirates,1965,2590.0,Middle East & North Africa
Yemen,1965,1840.0,Middle East & North Africa
Algeria,1966,1570.0,Middle East & North Africa
Djibouti,1966,1610.0,Middle East & North Africa
Egypt,1966,2290.0,Middle East & North Africa
Iran,1966,2030.0,Middle East & North Africa
Iraq,1966,2060.0,Middle East & North Africa
Israel,1966,2920.0,Middle East & North Africa
Jordan,1966,2170.0,Middle East & North Africa
Kuwait,1966,2640.0,Middle East & North Africa
Lebanon,1966,2460.0,Middle East & North Africa
Malta,1966,2980.0,Middle East & North Africa
Morocco,1966,2100.0,Middle East & North Africa
Oman,1966,,Middle East & North Africa
Saudi Arabia,1966,1860.0,Middle East & North Africa
Tunisia,1966,2300.0,Middle East & North Africa
United Arab Emirates,1966,2690.0,Middle East & North Africa
Yemen,1966,1850.0,Middle East & North Africa
Algeria,1967,1650.0,Middle East & North Africa
Djibouti,1967,1690.0,Middle East & North Africa
Egypt,1967,2230.0,Middle East & North Africa
Iran,1967,2040.0,Middle East & North Africa
Iraq,1967,2090.0,Middle East & North Africa
Israel,1967,3000.0,Middle East & North Africa
Jordan,1967,2050.0,Middle East & North Africa
Kuwait,1967,2610.0,Middle East & North Africa
Lebanon,1967,2510.0,Middle East & North Africa
Malta,1967,3000.0,Middle East & North Africa
Morocco,1967,2150.0,Middle East & North Africa
Oman,1967,,Middle East & North Africa
Saudi Arabia,1967,1880.0,Middle East & North Africa
Tunisia,1967,2410.0,Middle East & North Africa
United Arab Emirates,1967,2770.0,Middle East & North Africa
Yemen,1967,1850.0,Middle East & North Africa
Algeria,1968,1710.0,Middle East & North Africa
Djibouti,1968,1710.0,Middle East & North Africa
Egypt,1968,2270.0,Middle East & North Africa
Iran,1968,2170.0,Middle East & North Africa
Iraq,1968,2090.0,Middle East & North Africa
Israel,1968,3090.0,Middle East & North Africa
Jordan,1968,2180.0,Middle East & North Africa
Kuwait,1968,2630.0,Middle East & North Africa
Lebanon,1968,2570.0,Middle East & North Africa
Malta,1968,3120.0,Middle East & North Africa
Morocco,1968,2240.0,Middle East & North Africa
Oman,1968,,Middle East & North Africa
Saudi Arabia,1968,1880.0,Middle East & North Africa
Tunisia,1968,2400.0,Middle East & North Africa
United Arab Emirates,1968,2930.0,Middle East & North Africa
Yemen,1968,1840.0,Middle East & North Africa
Algeria,1969,1710.0,Middle East & North Africa
Djibouti,1969,1580.0,Middle East & North Africa
Egypt,1969,2270.0,Middle East & North Africa
Iran,1969,2050.0,Middle East & North Africa
Iraq,1969,2120.0,Middle East & North Africa
Israel,1969,3140.0,Middle East & North Africa
Jordan,1969,2210.0,Middle East & North Africa
Kuwait,1969,2570.0,Middle East & North Africa
Lebanon,1969,2520.0,Middle East & North Africa
Malta,1969,3140.0,Middle East & North Africa
Morocco,1969,2350.0,Middle East & North Africa
Oman,1969,,Middle East & North Africa
Saudi Arabia,1969,1870.0,Middle East & North Africa
Tunisia,1969,2320.0,Middle East & North Africa
United Arab Emirates,1969,2940.0,Middle East & North Africa
Yemen,1969,1860.0,Middle East & North Africa
Algeria,1970,1680.0,Middle East & North Africa
Djibouti,1970,1710.0,Middle East & North Africa
Egypt,1970,2270.0,Middle East & North Africa
Iran,1970,2100.0,Middle East & North Africa
Iraq,1970,2140.0,Middle East & North Africa
Israel,1970,3130.0,Middle East & North Africa
Jordan,1970,2160.0,Middle East & North Africa
Kuwait,1970,2570.0,Middle East & North Africa
Lebanon,1970,2510.0,Middle East & North Africa
Malta,1970,3130.0,Middle East & North Africa
Morocco,1970,2340.0,Middle East & North Africa
Oman,1970,,Middle East & North Africa
Saudi Arabia,1970,1890.0,Middle East & North Africa
Tunisia,1970,2370.0,Middle East & North Africa
United Arab Emirates,1970,2930.0,Middle East & North Africa
Yemen,1970,1840.0,Middle East & North Africa
Algeria,1971,1720.0,Middle East & North Africa
Djibouti,1971,1730.0,Middle East & North Africa
Egypt,1971,2260.0,Middle East & North Africa
Iran,1971,2040.0,Middle East & North Africa
Iraq,1971,2160.0,Middle East & North Africa
Israel,1971,3280.0,Middle East & North Africa
Jordan,1971,2190.0,Middle East & North Africa
Kuwait,1971,2500.0,Middle East & North Africa
Lebanon,1971,2510.0,Middle East & North Africa
Malta,1971,3150.0,Middle East & North Africa
Morocco,1971,2430.0,Middle East & North Africa
Oman,1971,,Middle East & North Africa
Saudi Arabia,1971,1900.0,Middle East & North Africa
Tunisia,1971,2470.0,Middle East & North Africa
United Arab Emirates,1971,2790.0,Middle East & North Africa
Yemen,1971,1830.0,Middle East & North Africa
Algeria,1972,1850.0,Middle East & North Africa
Djibouti,1972,1690.0,Middle East & North Africa
Egypt,1972,2300.0,Middle East & North Africa
Iran,1972,2180.0,Middle East & North Africa
Iraq,1972,2090.0,Middle East & North Africa
Israel,1972,3250.0,Middle East & North Africa
Jordan,1972,2190.0,Middle East & North Africa
Kuwait,1972,2560.0,Middle East & North Africa
Lebanon,1972,2510.0,Middle East & North Africa
Malta,1972,3140.0,Middle East & North Africa
Morocco,1972,2410.0,Middle East & North Africa
Oman,1972,,Middle East & North Africa
Saudi Arabia,1972,1760.0,Middle East & North Africa
Tunisia,1972,2620.0,Middle East & North Africa
United Arab Emirates,1972,2710.0,Middle East & North Africa
Yemen,1972,1840.0,Middle East & North Africa
Algeria,1973,1850.0,Middle East & North Africa
Djibouti,1973,1780.0,Middle East & North Africa
Egypt,1973,2350.0,Middle East & North Africa
Iran,1973,2330.0,Middle East & North Africa
Iraq,1973,2110.0,Middle East & North Africa
Israel,1973,3310.0,Middle East & North Africa
Jordan,1973,2150.0,Middle East & North Africa
Kuwait,1973,2500.0,Middle East & North Africa
Lebanon,1973,2500.0,Middle East & North Africa
Malta,1973,3090.0,Middle East & North Africa
Morocco,1973,2440.0,Middle East & North Africa
Oman,1973,,Middle East & North Africa
Saudi Arabia,1973,1680.0,Middle East & North Africa
Tunisia,1973,2610.0,Middle East & North Africa
United Arab Emirates,1973,3340.0,Middle East & North Africa
Yemen,1973,1870.0,Middle East & North Africa
Algeria,1974,1980.0,Middle East & North Africa
Djibouti,1974,1690.0,Middle East & North Africa
Egypt,1974,2390.0,Middle East & North Africa
Iran,1974,2400.0,Middle East & North Africa
Iraq,1974,2150.0,Middle East & North Africa
Israel,1974,3220.0,Middle East & North Africa
Jordan,1974,2170.0,Middle East & North Africa
Kuwait,1974,2500.0,Middle East & North Africa
Lebanon,1974,2500.0,Middle East & North Africa
Malta,1974,3070.0,Middle East & North Africa
Morocco,1974,2500.0,Middle East & North Africa
Oman,1974,,Middle East & North Africa
Saudi Arabia,1974,1680.0,Middle East & North Africa
Tunisia,1974,2690.0,Middle East & North Africa
United Arab Emirates,1974,3010.0,Middle East & North Africa
Yemen,1974,1870.0,Middle East & North Africa
Algeria,1975,2060.0,Middle East & North Africa
Djibouti,1975,1660.0,Middle East & North Africa
Egypt,1975,2430.0,Middle East & North Africa
Iran,1975,2430.0,Middle East & North Africa
Iraq,1975,2200.0,Middle East & North Africa
Israel,1975,3190.0,Middle East & North Africa
Jordan,1975,2140.0,Middle East & North Africa
Kuwait,1975,2540.0,Middle East & North Africa
Lebanon,1975,2440.0,Middle East & North Africa
Malta,1975,3220.0,Middle East & North Africa
Morocco,1975,2620.0,Middle East & North Africa
Oman,1975,,Middle East & North Africa
Saudi Arabia,1975,1790.0,Middle East & North Africa
Tunisia,1975,2670.0,Middle East & North Africa
United Arab Emirates,1975,3140.0,Middle East & North Africa
Yemen,1975,1880.0,Middle East & North Africa
Algeria,1976,2050.0,Middle East & North Africa
Djibouti,1976,1620.0,Middle East & North Africa
Egypt,1976,2510.0,Middle East & North Africa
Iran,1976,2460.0,Middle East & North Africa
Iraq,1976,2230.0,Middle East & North Africa
Israel,1976,3230.0,Middle East & North Africa
Jordan,1976,2270.0,Middle East & North Africa
Kuwait,1976,2660.0,Middle East & North Africa
Lebanon,1976,2470.0,Middle East & North Africa
Malta,1976,3290.0,Middle East & North Africa
Morocco,1976,2550.0,Middle East & North Africa
Oman,1976,,Middle East & North Africa
Saudi Arabia,1976,1910.0,Middle East & North Africa
Tunisia,1976,2630.0,Middle East & North Africa
United Arab Emirates,1976,3160.0,Middle East & North Africa
Yemen,1976,1940.0,Middle East & North Africa
Algeria,1977,2210.0,Middle East & North Africa
Djibouti,1977,1560.0,Middle East & North Africa
Egypt,1977,2560.0,Middle East & North Africa
Iran,1977,2480.0,Middle East & North Africa
Iraq,1977,2300.0,Middle East & North Africa
Israel,1977,3220.0,Middle East & North Africa
Jordan,1977,2350.0,Middle East & North Africa
Kuwait,1977,2740.0,Middle East & North Africa
Lebanon,1977,2620.0,Middle East & North Africa
Malta,1977,3270.0,Middle East & North Africa
Morocco,1977,2610.0,Middle East & North Africa
Oman,1977,,Middle East & North Africa
Saudi Arabia,1977,2120.0,Middle East & North Africa
Tunisia,1977,2730.0,Middle East & North Africa
United Arab Emirates,1977,3140.0,Middle East & North Africa
Yemen,1977,2010.0,Middle East & North Africa
Algeria,1978,2340.0,Middle East & North Africa
Djibouti,1978,1440.0,Middle East & North Africa
Egypt,1978,2650.0,Middle East & North Africa
Iran,1978,2510.0,Middle East & North Africa
Iraq,1978,2460.0,Middle East & North Africa
Israel,1978,3140.0,Middle East & North Africa
Jordan,1978,2440.0,Middle East & North Africa
Kuwait,1978,2820.0,Middle East & North Africa
Lebanon,1978,2660.0,Middle East & North Africa
Malta,1978,3240.0,Middle East & North Africa
Morocco,1978,2640.0,Middle East & North Africa
Oman,1978,,Middle East & North Africa
Saudi Arabia,1978,2320.0,Middle East & North Africa
Tunisia,1978,2810.0,Middle East & North Africa
United Arab Emirates,1978,3190.0,Middle East & North Africa
Yemen,1978,2100.0,Middle East & North Africa
Algeria,1979,2450.0,Middle East & North Africa
Djibouti,1979,1370.0,Middle East & North Africa
Egypt,1979,2780.0,Middle East & North Africa
Iran,1979,2580.0,Middle East & North Africa
Iraq,1979,2590.0,Middle East & North Africa
Israel,1979,3120.0,Middle East & North Africa
Jordan,1979,2500.0,Middle East & North Africa
Kuwait,1979,2910.0,Middle East & North Africa
Lebanon,1979,2740.0,Middle East & North Africa
Malta,1979,3210.0,Middle East & North Africa
Morocco,1979,2710.0,Middle East & North Africa
Oman,1979,,Middle East & North Africa
Saudi Arabia,1979,2630.0,Middle East & North Africa
Tunisia,1979,2820.0,Middle East & North Africa
United Arab Emirates,1979,3070.0,Middle East & North Africa
Yemen,1979,2060.0,Middle East & North Africa
Algeria,1980,2570.0,Middle East & North Africa
Djibouti,1980,1440.0,Middle East & North Africa
Egypt,1980,2860.0,Middle East & North Africa
Iran,1980,2660.0,Middle East & North Africa
Iraq,1980,2680.0,Middle East & North Africa
Israel,1980,3100.0,Middle East & North Africa
Jordan,1980,2540.0,Middle East & North Africa
Kuwait,1980,2940.0,Middle East & North Africa
Lebanon,1980,2830.0,Middle East & North Africa
Malta,1980,3260.0,Middle East & North Africa
Morocco,1980,2660.0,Middle East & North Africa
Oman,1980,,Middle East & North Africa
Saudi Arabia,1980,2870.0,Middle East & North Africa
Tunisia,1980,2950.0,Middle East & North Africa
United Arab Emirates,1980,3390.0,Middle East & North Africa
Yemen,1980,2020.0,Middle East & North Africa
Algeria,1981,2600.0,Middle East & North Africa
Djibouti,1981,1450.0,Middle East & North Africa
Egypt,1981,3000.0,Middle East & North Africa
Iran,1981,2720.0,Middle East & North Africa
Iraq,1981,2830.0,Middle East & North Africa
Israel,1981,3150.0,Middle East & North Africa
Jordan,1981,2590.0,Middle East & North Africa
Kuwait,1981,2930.0,Middle East & North Africa
Lebanon,1981,2790.0,Middle East & North Africa
Malta,1981,3190.0,Middle East & North Africa
Morocco,1981,2710.0,Middle East & North Africa
Oman,1981,,Middle East & North Africa
Saudi Arabia,1981,2900.0,Middle East & North Africa
Tunisia,1981,2860.0,Middle East & North Africa
United Arab Emirates,1981,3400.0,Middle East & North Africa
Yemen,1981,2030.0,Middle East & North Africa
Algeria,1982,2570.0,Middle East & North Africa
Djibouti,1982,1500.0,Middle East & North Africa
Egypt,1982,3060.0,Middle East & North Africa
Iran,1982,2700.0,Middle East & North Africa
Iraq,1982,2960.0,Middle East & North Africa
Israel,1982,3290.0,Middle East & North Africa
Jordan,1982,2590.0,Middle East & North Africa
Kuwait,1982,3020.0,Middle East & North Africa
Lebanon,1982,2870.0,Middle East & North Africa
Malta,1982,3090.0,Middle East & North Africa
Morocco,1982,2780.0,Middle East & North Africa
Oman,1982,,Middle East & North Africa
Saudi Arabia,1982,2900.0,Middle East & North Africa
Tunisia,1982,2860.0,Middle East & North Africa
United Arab Emirates,1982,3430.0,Middle East & North Africa
Yemen,1982,2090.0,Middle East & North Africa
Algeria,1983,2550.0,Middle East & North Africa
Djibouti,1983,1540.0,Middle East & North Africa
Egypt,1983,3050.0,Middle East & North Africa
Iran,1983,2770.0,Middle East & North Africa
Iraq,1983,3050.0,Middle East & North Africa
Israel,1983,3280.0,Middle East & North Africa
Jordan,1983,2570.0,Middle East & North Africa
Kuwait,1983,3010.0,Middle East & North Africa
Lebanon,1983,2930.0,Middle East & North Africa
Malta,1983,3110.0,Middle East & North Africa
Morocco,1983,2760.0,Middle East & North Africa
Oman,1983,,Middle East & North Africa
Saudi Arabia,1983,2930.0,Middle East & North Africa
Tunisia,1983,3000.0,Middle East & North Africa
United Arab Emirates,1983,3480.0,Middle East & North Africa
Yemen,1983,2060.0,Middle East & North Africa
Algeria,1984,2500.0,Middle East & North Africa
Djibouti,1984,1520.0,Middle East & North Africa
Egypt,1984,3060.0,Middle East & North Africa
Iran,1984,2740.0,Middle East & North Africa
Iraq,1984,3210.0,Middle East & North Africa
Israel,1984,3260.0,Middle East & North Africa
Jordan,1984,2600.0,Middle East & North Africa
Kuwait,1984,3010.0,Middle East & North Africa
Lebanon,1984,2950.0,Middle East & North Africa
Malta,1984,3000.0,Middle East & North Africa
Morocco,1984,2830.0,Middle East & North Africa
Oman,1984,,Middle East & North Africa
Saudi Arabia,1984,2720.0,Middle East & North Africa
Tunisia,1984,3050.0,Middle East & North Africa
United Arab Emirates,1984,3650.0,Middle East & North Africa
Yemen,1984,2110.0,Middle East & North Africa
Algeria,1985,2610.0,Middle East & North Africa
Djibouti,1985,1560.0,Middle East & North Africa
Egypt,1985,3070.0,Middle East & North Africa
Iran,1985,2710.0,Middle East & North Africa
Iraq,1985,3320.0,Middle East & North Africa
Israel,1985,3320.0,Middle East & North Africa
Jordan,1985,2650.0,Middle East & North Africa
Kuwait,1985,2920.0,Middle East & North Africa
Lebanon,1985,2930.0,Middle East & North Africa
Malta,1985,3070.0,Middle East & North Africa
Morocco,1985,2860.0,Middle East & North Africa
Oman,1985,,Middle East & North Africa
Saudi Arabia,1985,2700.0,Middle East & North Africa
Tunisia,1985,3060.0,Middle East & North Africa
United Arab Emirates,1985,3480.0,Middle East & North Africa
Yemen,1985,2060.0,Middle East & North Africa
Algeria,1986,2630.0,Middle East & North Africa
Djibouti,1986,1600.0,Middle East & North Africa
Egypt,1986,3060.0,Middle East & North Africa
Iran,1986,2720.0,Middle East & North Africa
Iraq,1986,3420.0,Middle East & North Africa
Israel,1986,3360.0,Middle East & North Africa
Jordan,1986,2610.0,Middle East & North Africa
Kuwait,1986,2970.0,Middle East & North Africa
Lebanon,1986,2950.0,Middle East & North Africa
Malta,1986,2950.0,Middle East & North Africa
Morocco,1986,2980.0,Middle East & North Africa
Oman,1986,,Middle East & North Africa
Saudi Arabia,1986,2590.0,Middle East & North Africa
Tunisia,1986,3130.0,Middle East & North Africa
United Arab Emirates,1986,3420.0,Middle East & North Africa
Yemen,1986,2130.0,Middle East & North Africa
Algeria,1987,2630.0,Middle East & North Africa
Djibouti,1987,1560.0,Middle East & North Africa
Egypt,1987,3140.0,Middle East & North Africa
Iran,1987,2790.0,Middle East & North Africa
Iraq,1987,3450.0,Middle East & North Africa
Israel,1987,3440.0,Middle East & North Africa
Jordan,1987,2660.0,Middle East & North Africa
Kuwait,1987,3010.0,Middle East & North Africa
Lebanon,1987,3000.0,Middle East & North Africa
Malta,1987,3040.0,Middle East & North Africa
Morocco,1987,2970.0,Middle East & North Africa
Oman,1987,,Middle East & North Africa
Saudi Arabia,1987,2570.0,Middle East & North Africa
Tunisia,1987,3110.0,Middle East & North Africa
United Arab Emirates,1987,3530.0,Middle East & North Africa
Yemen,1987,2160.0,Middle East & North Africa
Algeria,1988,2700.0,Middle East & North Africa
Djibouti,1988,1590.0,Middle East & North Africa
Egypt,1988,3130.0,Middle East & North Africa
Iran,1988,2710.0,Middle East & North Africa
Iraq,1988,3440.0,Middle East & North Africa
Israel,1988,3360.0,Middle East & North Africa
Jordan,1988,2670.0,Middle East & North Africa
Kuwait,1988,3030.0,Middle East & North Africa
Lebanon,1988,3130.0,Middle East & North Africa
Malta,1988,3140.0,Middle East & North Africa
Morocco,1988,3050.0,Middle East & North Africa
Oman,1988,,Middle East & North Africa
Saudi Arabia,1988,2800.0,Middle East & North Africa
Tunisia,1988,3160.0,Middle East & North Africa
United Arab Emirates,1988,3390.0,Middle East & North Africa
Yemen,1988,2250.0,Middle East & North Africa
Algeria,1989,2760.0,Middle East & North Africa
Djibouti,1989,1530.0,Middle East & North Africa
Egypt,1989,3110.0,Middle East & North Africa
Iran,1989,2860.0,Middle East & North Africa
Iraq,1989,3440.0,Middle East & North Africa
Israel,1989,3340.0,Middle East & North Africa
Jordan,1989,2640.0,Middle East & North Africa
Kuwait,1989,3070.0,Middle East & North Africa
Lebanon,1989,3230.0,Middle East & North Africa
Malta,1989,3170.0,Middle East & North Africa
Morocco,1989,2990.0,Middle East & North Africa
Oman,1989,,Middle East & North Africa
Saudi Arabia,1989,2750.0,Middle East & North Africa
Tunisia,1989,3150.0,Middle East & North Africa
United Arab Emirates,1989,3370.0,Middle East & North Africa
Yemen,1989,2200.0,Middle East & North Africa
Algeria,1990,2750.0,Middle East & North Africa
Djibouti,1990,1610.0,Middle East & North Africa
Egypt,1990,3180.0,Middle East & North Africa
Iran,1990,2880.0,Middle East & North Africa
Iraq,1990,3250.0,Middle East & North Africa
Israel,1990,3400.0,Middle East & North Africa
Jordan,1990,2770.0,Middle East & North Africa
Kuwait,1990,2310.0,Middle East & North Africa
Lebanon,1990,3230.0,Middle East & North Africa
Malta,1990,3020.0,Middle East & North Africa
Morocco,1990,3090.0,Middle East & North Africa
Oman,1990,2350.0,Middle East & North Africa
Saudi Arabia,1990,2870.0,Middle East & North Africa
Tunisia,1990,3150.0,Middle East & North Africa
United Arab Emirates,1990,3080.0,Middle East & North Africa
Yemen,1990,2050.0,Middle East & North Africa
Algeria,1991,2730.0,Middle East & North Africa
Djibouti,1991,1510.0,Middle East & North Africa
Egypt,1991,3170.0,Middle East & North Africa
Iran,1991,2940.0,Middle East & North Africa
Iraq,1991,2360.0,Middle East & North Africa
Israel,1991,3420.0,Middle East & North Africa
Jordan,1991,2820.0,Middle East & North Africa
Kuwait,1991,1900.0,Middle East & North Africa
Lebanon,1991,3280.0,Middle East & North Africa
Malta,1991,3160.0,Middle East & North Africa
Morocco,1991,3070.0,Middle East & North Africa
Oman,1991,2330.0,Middle East & North Africa
Saudi Arabia,1991,2870.0,Middle East & North Africa
Tunisia,1991,3110.0,Middle East & North Africa
United Arab Emirates,1991,3070.0,Middle East & North Africa
Yemen,1991,2030.0,Middle East & North Africa
Algeria,1992,2870.0,Middle East & North Africa
Djibouti,1992,1510.0,Middle East & North Africa
Egypt,1992,3180.0,Middle East & North Africa
Iran,1992,3030.0,Middle East & North Africa
Iraq,1992,2250.0,Middle East & North Africa
Israel,1992,3450.0,Middle East & North Africa
Jordan,1992,2740.0,Middle East & North Africa
Kuwait,1992,2220.0,Middle East & North Africa
Lebanon,1992,3250.0,Middle East & North Africa
Malta,1992,3130.0,Middle East & North Africa
Morocco,1992,2900.0,Middle East & North Africa
Oman,1992,2410.0,Middle East & North Africa
Saudi Arabia,1992,2780.0,Middle East & North Africa
Tunisia,1992,3140.0,Middle East & North Africa
United Arab Emirates,1992,3200.0,Middle East & North Africa
Yemen,1992,2110.0,Middle East & North Africa
Algeria,1993,2870.0,Middle East & North Africa
Djibouti,1993,1570.0,Middle East & North Africa
Egypt,1993,3200.0,Middle East & North Africa
Iran,1993,3110.0,Middle East & North Africa
Iraq,1993,2260.0,Middle East & North Africa
Israel,1993,3400.0,Middle East & North Africa
Jordan,1993,2730.0,Middle East & North Africa
Kuwait,1993,2490.0,Middle East & North Africa
Lebanon,1993,3250.0,Middle East & North Africa
Malta,1993,3130.0,Middle East & North Africa
Morocco,1993,2880.0,Middle East & North Africa
Oman,1993,2320.0,Middle East & North Africa
Saudi Arabia,1993,2740.0,Middle East & North Africa
Tunisia,1993,3170.0,Middle East & North Africa
United Arab Emirates,1993,3230.0,Middle East & North Africa
Yemen,1993,2090.0,Middle East & North Africa
Algeria,1994,2760.0,Middle East & North Africa
Djibouti,1994,1600.0,Middle East & North Africa
Egypt,1994,3260.0,Middle East & North Africa
Iran,1994,3070.0,Middle East & North Africa
Iraq,1994,2230.0,Middle East & North Africa
Israel,1994,3350.0,Middle East & North Africa
Jordan,1994,2630.0,Middle East & North Africa
Kuwait,1994,2930.0,Middle East & North Africa
Lebanon,1994,3280.0,Middle East & North Africa
Malta,1994,3160.0,Middle East & North Africa
Morocco,1994,3000.0,Middle East & North Africa
Oman,1994,2400.0,Middle East & North Africa
Saudi Arabia,1994,2700.0,Middle East & North Africa
Tunisia,1994,3110.0,Middle East & North Africa
United Arab Emirates,1994,3320.0,Middle East & North Africa
Yemen,1994,2050.0,Middle East & North Africa
Algeria,1995,2790.0,Middle East & North Africa
Djibouti,1995,1710.0,Middle East & North Africa
Egypt,1995,3320.0,Middle East & North Africa
Iran,1995,3050.0,Middle East & North Africa
Iraq,1995,2200.0,Middle East & North Africa
Israel,1995,3470.0,Middle East & North Africa
Jordan,1995,2690.0,Middle East & North Africa
Kuwait,1995,3210.0,Middle East & North Africa
Lebanon,1995,3290.0,Middle East & North Africa
Malta,1995,3280.0,Middle East & North Africa
Morocco,1995,2950.0,Middle East & North Africa
Oman,1995,2360.0,Middle East & North Africa
Saudi Arabia,1995,2850.0,Middle East & North Africa
Tunisia,1995,3130.0,Middle East & North Africa
United Arab Emirates,1995,3260.0,Middle East & North Africa
Yemen,1995,2040.0,Middle East & North Africa
Algeria,1996,2780.0,Middle East & North Africa
Djibouti,1996,1690.0,Middle East & North Africa
Egypt,1996,3330.0,Middle East & North Africa
Iran,1996,3050.0,Middle East & North Africa
Iraq,1996,2180.0,Middle East & North Africa
Israel,1996,3500.0,Middle East & North Africa
Jordan,1996,2660.0,Middle East & North Africa
Kuwait,1996,3270.0,Middle East & North Africa
Lebanon,1996,3290.0,Middle East & North Africa
Malta,1996,3290.0,Middle East & North Africa
Morocco,1996,3090.0,Middle East & North Africa
Oman,1996,2400.0,Middle East & North Africa
Saudi Arabia,1996,2910.0,Middle East & North Africa
Tunisia,1996,3200.0,Middle East & North Africa
United Arab Emirates,1996,3250.0,Middle East & North Africa
Yemen,1996,2030.0,Middle East & North Africa
Algeria,1997,2730.0,Middle East & North Africa
Djibouti,1997,1760.0,Middle East & North Africa
Egypt,1997,3360.0,Middle East & North Africa
Iran,1997,3090.0,Middle East & North Africa
Iraq,1997,2100.0,Middle East & North Africa
Israel,1997,3510.0,Middle East & North Africa
Jordan,1997,2750.0,Middle East & North Africa
Kuwait,1997,3340.0,Middle East & North Africa
Lebanon,1997,3370.0,Middle East & North Africa
Malta,1997,3300.0,Middle East & North Africa
Morocco,1997,3100.0,Middle East & North Africa
Oman,1997,2360.0,Middle East & North Africa
Saudi Arabia,1997,2980.0,Middle East & North Africa
Tunisia,1997,3250.0,Middle East & North Africa
United Arab Emirates,1997,3260.0,Middle East & North Africa
Yemen,1997,2050.0,Middle East & North Africa
Algeria,1998,2790.0,Middle East & North Africa
Djibouti,1998,1860.0,Middle East & North Africa
Egypt,1998,3340.0,Middle East & North Africa
Iran,1998,3100.0,Middle East & North Africa
Iraq,1998,2120.0,Middle East & North Africa
Israel,1998,3500.0,Middle East & North Africa
Jordan,1998,2730.0,Middle East & North Africa
Kuwait,1998,3360.0,Middle East & North Africa
Lebanon,1998,3370.0,Middle East & North Africa
Malta,1998,3350.0,Middle East & North Africa
Morocco,1998,3150.0,Middle East & North Africa
Oman,1998,2540.0,Middle East & North Africa
Saudi Arabia,1998,3010.0,Middle East & North Africa
Tunisia,1998,3300.0,Middle East & North Africa
United Arab Emirates,1998,3310.0,Middle East & North Africa
Yemen,1998,2070.0,Middle East & North Africa
Algeria,1999,2840.0,Middle East & North Africa
Djibouti,1999,1900.0,Middle East & North Africa
Egypt,1999,3360.0,Middle East & North Africa
Iran,1999,3090.0,Middle East & North Africa
Iraq,1999,2150.0,Middle East & North Africa
Israel,1999,3480.0,Middle East & North Africa
Jordan,1999,2660.0,Middle East & North Africa
Kuwait,1999,3400.0,Middle East & North Africa
Lebanon,1999,3380.0,Middle East & North Africa
Malta,1999,3370.0,Middle East & North Africa
Morocco,1999,3080.0,Middle East & North Africa
Oman,1999,2630.0,Middle East & North Africa
Saudi Arabia,1999,3070.0,Middle East & North Africa
Tunisia,1999,3370.0,Middle East & North Africa
United Arab Emirates,1999,3380.0,Middle East & North Africa
Yemen,1999,2080.0,Middle East & North Africa
Algeria,2000,2810.0,Middle East & North Africa
Djibouti,2000,1990.0,Middle East & North Africa
Egypt,2000,3370.0,Middle East & North Africa
Iran,2000,3050.0,Middle East & North Africa
Iraq,2000,2180.0,Middle East & North Africa
Israel,2000,3550.0,Middle East & North Africa
Jordan,2000,2730.0,Middle East & North Africa
Kuwait,2000,3440.0,Middle East & North Africa
Lebanon,2000,3290.0,Middle East & North Africa
Malta,2000,3330.0,Middle East & North Africa
Morocco,2000,3060.0,Middle East & North Africa
Oman,2000,2590.0,Middle East & North Africa
Saudi Arabia,2000,3110.0,Middle East & North Africa
Tunisia,2000,3250.0,Middle East & North Africa
United Arab Emirates,2000,3300.0,Middle East & North Africa
Yemen,2000,2090.0,Middle East & North Africa
Algeria,2001,2890.0,Middle East & North Africa
Djibouti,2001,1980.0,Middle East & North Africa
Egypt,2001,3410.0,Middle East & North Africa
Iran,2001,3040.0,Middle East & North Africa
Iraq,2001,2250.0,Middle East & North Africa
Israel,2001,3600.0,Middle East & North Africa
Jordan,2001,2840.0,Middle East & North Africa
Kuwait,2001,3480.0,Middle East & North Africa
Lebanon,2001,3320.0,Middle East & North Africa
Malta,2001,3340.0,Middle East & North Africa
Morocco,2001,3120.0,Middle East & North Africa
Oman,2001,2680.0,Middle East & North Africa
Saudi Arabia,2001,3080.0,Middle East & North Africa
Tunisia,2001,3260.0,Middle East & North Africa
United Arab Emirates,2001,3320.0,Middle East & North Africa
Yemen,2001,2070.0,Middle East & North Africa
Algeria,2002,2930.0,Middle East & North Africa
Djibouti,2002,2050.0,Middle East & North Africa
Egypt,2002,3430.0,Middle East & North Africa
Iran,2002,3030.0,Middle East & North Africa
Iraq,2002,2270.0,Middle East & North Africa
Israel,2002,3700.0,Middle East & North Africa
Jordan,2002,2940.0,Middle East & North Africa
Kuwait,2002,3450.0,Middle East & North Africa
Lebanon,2002,3270.0,Middle East & North Africa
Malta,2002,3340.0,Middle East & North Africa
Morocco,2002,3150.0,Middle East & North Africa
Oman,2002,2630.0,Middle East & North Africa
Saudi Arabia,2002,3020.0,Middle East & North Africa
Tunisia,2002,3190.0,Middle East & North Africa
United Arab Emirates,2002,3360.0,Middle East & North Africa
Yemen,2002,2080.0,Middle East & North Africa
Algeria,2003,2970.0,Middle East & North Africa
Djibouti,2003,2090.0,Middle East & North Africa
Egypt,2003,3380.0,Middle East & North Africa
Iran,2003,3040.0,Middle East & North Africa
Iraq,2003,2250.0,Middle East & North Africa
Israel,2003,3580.0,Middle East & North Africa
Jordan,2003,3080.0,Middle East & North Africa
Kuwait,2003,3500.0,Middle East & North Africa
Lebanon,2003,3200.0,Middle East & North Africa
Malta,2003,3370.0,Middle East & North Africa
Morocco,2003,3200.0,Middle East & North Africa
Oman,2003,2630.0,Middle East & North Africa
Saudi Arabia,2003,3000.0,Middle East & North Africa
Tunisia,2003,3240.0,Middle East & North Africa
United Arab Emirates,2003,3340.0,Middle East & North Africa
Yemen,2003,2070.0,Middle East & North Africa
Algeria,2004,2990.0,Middle East & North Africa
Djibouti,2004,2140.0,Middle East & North Africa
Egypt,2004,3310.0,Middle East & North Africa
Iran,2004,3090.0,Middle East & North Africa
Iraq,2004,2370.0,Middle East & North Africa
Israel,2004,3620.0,Middle East & North Africa
Jordan,2004,3120.0,Middle East & North Africa
Kuwait,2004,3510.0,Middle East & North Africa
Lebanon,2004,3180.0,Middle East & North Africa
Malta,2004,3370.0,Middle East & North Africa
Morocco,2004,3260.0,Middle East & North Africa
Oman,2004,2660.0,Middle East & North Africa
Saudi Arabia,2004,2960.0,Middle East & North Africa
Tunisia,2004,3250.0,Middle East & North Africa
United Arab Emirates,2004,3290.0,Middle East & North Africa
Yemen,2004,2070.0,Middle East & North Africa
Algeria,2005,2960.0,Middle East & North Africa
Djibouti,2005,2270.0,Middle East & North Africa
Egypt,2005,3370.0,Middle East & North Africa
Iran,2005,3070.0,Middle East & North Africa
Iraq,2005,2350.0,Middle East & North Africa
Israel,2005,3630.0,Middle East & North Africa
Jordan,2005,3120.0,Middle East & North Africa
Kuwait,2005,3580.0,Middle East & North Africa
Lebanon,2005,3120.0,Middle East & North Africa
Malta,2005,3370.0,Middle East & North Africa
Morocco,2005,3210.0,Middle East & North Africa
Oman,2005,2720.0,Middle East & North Africa
Saudi Arabia,2005,2990.0,Middle East & North Africa
Tunisia,2005,3220.0,Middle East & North Africa
United Arab Emirates,2005,3210.0,Middle East & North Africa
Yemen,2005,2090.0,Middle East & North Africa
Algeria,2006,3050.0,Middle East & North Africa
Djibouti,2006,2310.0,Middle East & North Africa
Egypt,2006,3390.0,Middle East & North Africa
Iran,2006,3000.0,Middle East & North Africa
Iraq,2006,2370.0,Middle East & North Africa
Israel,2006,3620.0,Middle East & North Africa
Jordan,2006,3150.0,Middle East & North Africa
Kuwait,2006,3590.0,Middle East & North Africa
Lebanon,2006,3130.0,Middle East & North Africa
Malta,2006,3370.0,Middle East & North Africa
Morocco,2006,3270.0,Middle East & North Africa
Oman,2006,2770.0,Middle East & North Africa
Saudi Arabia,2006,3050.0,Middle East & North Africa
Tunisia,2006,3270.0,Middle East & North Africa
United Arab Emirates,2006,3200.0,Middle East & North Africa
Yemen,2006,2120.0,Middle East & North Africa
Algeria,2007,3040.0,Middle East & North Africa
Djibouti,2007,2410.0,Middle East & North Africa
Egypt,2007,3450.0,Middle East & North Africa
Iran,2007,3030.0,Middle East & North Africa
Iraq,2007,2380.0,Middle East & North Africa
Israel,2007,3530.0,Middle East & North Africa
Jordan,2007,3120.0,Middle East & North Africa
Kuwait,2007,3570.0,Middle East & North Africa
Lebanon,2007,3180.0,Middle East & North Africa
Malta,2007,3370.0,Middle East & North Africa
Morocco,2007,3250.0,Middle East & North Africa
Oman,2007,2830.0,Middle East & North Africa
Saudi Arabia,2007,3050.0,Middle East & North Africa
Tunisia,2007,3250.0,Middle East & North Africa
United Arab Emirates,2007,3190.0,Middle East & North Africa
Yemen,2007,2160.0,Middle East & North Africa
Algeria,2008,3050.0,Middle East & North Africa
Djibouti,2008,2450.0,Middle East & North Africa
Egypt,2008,3490.0,Middle East & North Africa
Iran,2008,3010.0,Middle East & North Africa
Iraq,2008,2360.0,Middle East & North Africa
Israel,2008,3520.0,Middle East & North Africa
Jordan,2008,3070.0,Middle East & North Africa
Kuwait,2008,3510.0,Middle East & North Africa
Lebanon,2008,3130.0,Middle East & North Africa
Malta,2008,3370.0,Middle East & North Africa
Morocco,2008,3270.0,Middle East & North Africa
Oman,2008,2940.0,Middle East & North Africa
Saudi Arabia,2008,3010.0,Middle East & North Africa
Tunisia,2008,3300.0,Middle East & North Africa
United Arab Emirates,2008,3150.0,Middle East & North Africa
Yemen,2008,2130.0,Middle East & North Africa
Algeria,2009,3110.0,Middle East & North Africa
Djibouti,2009,2470.0,Middle East & North Africa
Egypt,2009,3440.0,Middle East & North Africa
Iran,2009,3060.0,Middle East & North Africa
Iraq,2009,2440.0,Middle East & North Africa
Israel,2009,3510.0,Middle East & North Africa
Jordan,2009,3100.0,Middle East & North Africa
Kuwait,2009,3470.0,Middle East & North Africa
Lebanon,2009,3140.0,Middle East & North Africa
Malta,2009,3380.0,Middle East & North Africa
Morocco,2009,3290.0,Middle East & North Africa
Oman,2009,3030.0,Middle East & North Africa
Saudi Arabia,2009,3010.0,Middle East & North Africa
Tunisia,2009,3340.0,Middle East & North Africa
United Arab Emirates,2009,3170.0,Middle East & North Africa
Yemen,2009,2160.0,Middle East & North Africa
Algeria,2010,3140.0,Middle East & North Africa
Djibouti,2010,2470.0,Middle East & North Africa
Egypt,2010,3510.0,Middle East & North Africa
Iran,2010,3090.0,Middle East & North Africa
Iraq,2010,2510.0,Middle East & North Africa
Israel,2010,3540.0,Middle East & North Africa
Jordan,2010,3100.0,Middle East & North Africa
Kuwait,2010,3460.0,Middle East & North Africa
Lebanon,2010,3160.0,Middle East & North Africa
Malta,2010,3390.0,Middle East & North Africa
Morocco,2010,3290.0,Middle East & North Africa
Oman,2010,3060.0,Middle East & North Africa
Saudi Arabia,2010,3120.0,Middle East & North Africa
Tunisia,2010,3330.0,Middle East & North Africa
United Arab Emirates,2010,3160.0,Middle East & North Africa
Yemen,2010,2200.0,Middle East & North Africa
Algeria,2011,3220.0,Middle East & North Africa
Djibouti,2011,2500.0,Middle East & North Africa
Egypt,2011,3550.0,Middle East & North Africa
Iran,2011,3050.0,Middle East & North Africa
Iraq,2011,2490.0,Middle East & North Africa
Israel,2011,3550.0,Middle East & North Africa
Jordan,2011,3140.0,Middle East & North Africa
Kuwait,2011,3470.0,Middle East & North Africa
Lebanon,2011,3130.0,Middle East & North Africa
Malta,2011,3370.0,Middle East & North Africa
Morocco,2011,3350.0,Middle East & North Africa
Oman,2011,3080.0,Middle East & North Africa
Saudi Arabia,2011,3100.0,Middle East & North Africa
Tunisia,2011,3360.0,Middle East & North Africa
United Arab Emirates,2011,3210.0,Middle East & North Africa
Yemen,2011,2210.0,Middle East & North Africa
Algeria,2012,3270.0,Middle East & North Africa
Djibouti,2012,2550.0,Middle East & North Africa
Egypt,2012,3560.0,Middle East & North Africa
Iran,2012,3060.0,Middle East & North Africa
Iraq,2012,2530.0,Middle East & North Africa
Israel,2012,3600.0,Middle East & North Africa
Jordan,2012,3140.0,Middle East & North Africa
Kuwait,2012,3440.0,Middle East & North Africa
Lebanon,2012,3090.0,Middle East & North Africa
Malta,2012,3380.0,Middle East & North Africa
Morocco,2012,3370.0,Middle East & North Africa
Oman,2012,3120.0,Middle East & North Africa
Saudi Arabia,2012,3270.0,Middle East & North Africa
Tunisia,2012,3390.0,Middle East & North Africa
United Arab Emirates,2012,3230.0,Middle East & North Africa
Yemen,2012,2230.0,Middle East & North Africa
Algeria,2013,3300.0,Middle East & North Africa
Djibouti,2013,2610.0,Middle East & North Africa
Egypt,2013,3520.0,Middle East & North Africa
Iran,2013,3090.0,Middle East & North Africa
Iraq,2013,2550.0,Middle East & North Africa
Israel,2013,3610.0,Middle East & North Africa
Jordan,2013,3100.0,Middle East & North Africa
Kuwait,2013,3500.0,Middle East & North Africa
Lebanon,2013,3070.0,Middle East & North Africa
Malta,2013,3380.0,Middle East & North Africa
Morocco,2013,3400.0,Middle East & North Africa
Oman,2013,3140.0,Middle East & North Africa
Saudi Arabia,2013,3260.0,Middle East & North Africa
Tunisia,2013,3350.0,Middle East & North Africa
United Arab Emirates,2013,3280.0,Middle East & North Africa
Yemen,2013,2220.0,Middle East & North Africa
